{"cameraMode":{"drawMode":0,"name":"Shaded","section":"Shading Mode"},"sceneLighting":false,"audioPlay":false,"sceneViewState":{"m_AlwaysRefresh":false,"showFog":true,"showSkybox":false,"showFlares":true,"showImageEffects":true,"showParticleSystems":true,"showVisualEffectGraphs":true,"m_FxEnabled":true},"in2DMode":false,"pivot":{"x":-1.1934906244277955,"y":0.40260109305381777,"z":0.5728546380996704},"rotation":{"x":-0.05705077573657036,"y":-0.6821586489677429,"z":0.053526442497968677,"w":-0.7269976139068604},"size":0.8660253882408142,"orthographic":false}