{"cameraMode":{"drawMode":0,"name":"Shaded","section":"Shading Mode"},"sceneLighting":false,"audioPlay":false,"sceneViewState":{"m_AlwaysRefresh":true,"showFog":true,"showSkybox":false,"showFlares":true,"showImageEffects":true,"showParticleSystems":true,"showVisualEffectGraphs":true,"m_FxEnabled":true},"in2DMode":false,"pivot":{"x":0.004353766329586506,"y":-13.41066837310791,"z":21.05733871459961},"rotation":{"x":-0.2209523469209671,"y":-0.41441982984542849,"z":0.10445043444633484,"w":-0.876654863357544},"size":0.8660253882408142,"orthographic":false}