{"cameraMode":{"drawMode":0,"name":"Shaded","section":"Shading Mode"},"sceneLighting":false,"audioPlay":false,"sceneViewState":{"m_AlwaysRefresh":true,"showFog":true,"showSkybox":false,"showFlares":true,"showImageEffects":true,"showParticleSystems":true,"showVisualEffectGraphs":true,"m_FxEnabled":true},"in2DMode":false,"pivot":{"x":-7.334347248077393,"y":-13.955610275268555,"z":20.970460891723634},"rotation":{"x":0.07121556252241135,"y":-0.055949218571186069,"z":0.004074860364198685,"w":0.9958168268203735},"size":0.8660252690315247,"orthographic":false}