{"cameraMode":{"drawMode":0,"name":"Shaded","section":"Shading Mode"},"sceneLighting":false,"audioPlay":false,"sceneViewState":{"m_AlwaysRefresh":true,"showFog":true,"showSkybox":false,"showFlares":true,"showImageEffects":true,"showParticleSystems":true,"showVisualEffectGraphs":true,"m_FxEnabled":true},"in2DMode":false,"pivot":{"x":0.024699032306671144,"y":0.0032598376274108888,"z":0.2023223638534546},"rotation":{"x":0.18031325936317445,"y":0.23724772036075593,"z":-0.04481497034430504,"w":0.9534476399421692},"size":1.2524410486221314,"orthographic":false}