{"cameraMode":{"drawMode":0,"name":"Shaded","section":"Shading Mode"},"sceneLighting":false,"audioPlay":false,"sceneViewState":{"m_AlwaysRefresh":true,"showFog":true,"showSkybox":false,"showFlares":true,"showImageEffects":true,"showParticleSystems":true,"showVisualEffectGraphs":true,"m_FxEnabled":true},"in2DMode":false,"pivot":{"x":-1.0426465272903443,"y":1.4719862937927247,"z":-0.13984055817127229},"rotation":{"x":-0.019869035109877588,"y":-0.7303532361984253,"z":-0.021257760003209115,"w":0.6824194192886353},"size":2.383446216583252,"orthographic":false}